item_id,url,predicted_subjects,golden,final_subjects
743802095,https://i5.walmartimages.com/asr/08a21141-ce40-47d7-ab7e-304ab46ac710_1.6930dcf0b2df7b4ae4396e6feaf82544.jpeg?odnWidth=undefined&odnHeight=undefined&odnBg=ffffff,[],"['Tanks', 'Tank Top']","['tank top', 'stained glass', 'mandala']"
946027892,https://i5.walmartimages.com/asr/bf0352aa-0327-4718-833a-1c948a098b05_1.e50f4eaea582b607d37a5ada27f44d81.jpeg?odnWidth=undefined&odnHeight=undefined&odnBg=ffffff,"['Coffee Pods', 'coffee pods']",['Coffee Pods'],"['pods', 'Coffee Pods', 'k', 'coffee pods', 'k-cup', 'ground coffee', 'cup', 'coffee beans', 'coffee', 'coffee beans specially blended']"
506746379,https://i5.walmartimages.com/asr/06d0fec5-75b3-43b1-8e4a-3eae30751709_1.4121908589c9581e0dc55e042cbe96cf.jpeg?odnWidth=undefined&odnHeight=undefined&odnBg=ffffff,[],[],['dazzler']
962279894,https://i5.walmartimages.com/asr/433504c1-65f5-40d9-bd55-63dedcc7f624_1.d5050bc02e912d8c854dbb604cbad81d.jpeg?odnWidth=undefined&odnHeight=undefined&odnBg=ffffff,['root vegetable seed'],['Vegetable Seed Packet'],"['seed', 'vegetable', 'tip scarlet', 'radish', 'root vegetable seed', 'light switch cover', 'vegetable seed', 'root vegetable seed packet', 'seed packet', 'switch cover', 'toggle', 'root vegetable']"
48810132,https://i5.walmartimages.com/asr/11afb000-8fb8-4032-b100-d7d81cb31c01_1.d09289193b2e32ca6a81e12aeed435cc.jpeg?odnWidth=1000&odnHeight=1000&odnBg=ffffff,['eye shellac'],['wood grain'],"['zinsser', 'eye shellac']"
700178053,https://i5.walmartimages.com/asr/dcf075e6-cf29-4a9a-98f0-76de0b7768a3.906cd522489313f438b620c371e77b1e.jpeg?odnWidth=1000&odnHeight=1000&odnBg=ffffff,[],['Flu Pandemic 1918'],[]
366615064,https://i5.walmartimages.com/asr/dc1a2f1d-bae9-4c58-ba05-ce54ae314fc6_1.5ccc2c1886acd5adc9cb2b381acc4906.jpeg?odnWidth=1000&odnHeight=1000&odnBg=ffffff,[],['Slim cans'],"['sparkling', 'cans', 'sparkling ice']"
639568538,https://i5.walmartimages.com/asr/6a17b27a-1819-41e5-b5d3-f8faace18051.da7727ba961fe8e2326c0066779d821d.jpeg?odnWidth=1000&odnHeight=1000&odnBg=ffffff,['hand soap'],['Hand Soap'],"['liquid hand', 'hand soap', 'soap', 'lathering soap', 'soap rosemary']"
275773415,https://i5.walmartimages.com/asr/81d7f2d8-3b70-493d-9365-f192e53fa208.8c6762be59cd2d1c77a2f73dfcbf9194.jpeg?odnWidth=undefined&odnHeight=undefined&odnBg=ffffff,['archery target'],"['Archery Target', 'Arrows']","['archery', 'archery target', 'arrow', 'bow', 'target arrow', 'archery target arrow-hunting arrow', 'arrow practice', 'bows', 'arrows', 'arrow rest', 'compound bows']"
758387625,https://i5.walmartimages.com/asr/ef71b78f-b171-491d-a12c-6def3144694c.3abe39be4f4cafcec2306a0b6d02886e.jpeg?odnWidth=undefined&odnHeight=undefined&odnBg=ffffff,['baby einstein'],"['Activity Walkers', 'baby walker']","['toy station', 'baby walker', 'Activity Walkers', 'symphony', 'horn and activate lights', 'walker', 'symphony walker', 'baby einstein']"
19399932,https://i5.walmartimages.com/asr/cd2ac8cf-5a72-4e28-88de-b6b1c019fd31_1.c6df5d30d886c949591693fe9035fa0a.jpeg?odnWidth=undefined&odnHeight=undefined&odnBg=ffffff,"['Ice Cream Bars', 'ice cream bars', 'ice cream bar']",['Ice Cream Bars'],"['ice cream', 'candy', 'ice cream bars', 'ice cream bar', 'bars', 'Ice Cream Bars']"
285254297,https://i5.walmartimages.com/asr/dfafa744-69f8-4b55-84fa-b086762a6d83_1.34e5813b6c05683f7801dff86e250bb2.jpeg?odnWidth=undefined&odnHeight=undefined&odnBg=ffffff,"['Crew Neck T-Shirts', 't-shirts']","['T-Shirts', 'Crew T-Shirts']","['shirts', 't-shirt features a tag-free', 't shirts', 'loom', 'shirt', 't-shirts', 't-shirt', 'Crew Neck T-Shirts', 'shirt eliminates ride-up']"
15922395,https://i5.walmartimages.com/asr/31b2c2d6-9851-40e1-8fee-707d761ea8aa_1.30a80de7475648143e32a4394aac774c.jpeg?odnWidth=undefined&odnHeight=undefined&odnBg=ffffff,"['ocean squirts', 'bath toy', 'Squirting Bath Toys', 'bath toys']",['Squirting Bath Toys'],"['ocean friends', 'toys', 'Squirting Bath Toys', 'floats', 'bath toy floats', 'toys squirting', 'bath toys', 'squirts', 'ocean squirts', 'bath toy']"
11045838,https://i5.walmartimages.com/asr/d89951e2-c47a-4ed7-b821-835cd19fa0bb.eb61c2fb8e650d3db682d06f7b4dd482.jpeg?odnWidth=undefined&odnHeight=undefined&odnBg=ffffff,"['Mop Pads', 'wetjet']","['Mopping Pad', 'Mop Pads']","['scrubbing strip', 'mopping', 'Mop Pads', 'multi surface', 'mopping pad refill', 'mopping pad', 'wetjet', 'pad refill', 'mop pads', 'scrubbing']"
811109802,https://i5.walmartimages.com/asr/e386efbd-39d6-4d3a-8bd4-eefaa25fe227_1.0461d8e01f469d51ced77d7b97c0ad42.jpeg?odnWidth=undefined&odnHeight=undefined&odnBg=ffffff,['end table'],['End Table'],"['table', 'end table']"
53374051,https://i5.walmartimages.com/asr/f4c01f2a-4230-42b0-ab46-732b82f26f04_1.f2366246dad3f9e142d427549139d366.jpeg?odnWidth=1000&odnHeight=1000&odnBg=ffffff,['artificial intelligence'],['Artificial Intelligence'],"['plans', 'scripts', 'artificial intelligence', 'artificial']"
489657815,,[],[],"['oven pro', 'grill, bake', 'oven', 'liner pan']"
235951291,https://i5.walmartimages.com/asr/01725b2f-626f-45c7-b598-096d060a015a.b7b84cbd52fea78566d5c1c21e4fabea.jpeg?odnWidth=undefined&odnHeight=undefined&odnBg=ffffff,"['Video Game Accessory Kits', 'video game accessory']","['Video Game Accessory', 'Game and Accessories Kit']","['video game accessory', 'switch system', 'Video Game Accessory Kits', 'accessories', 'switch', 'soak up the sun in the super mario sunshine game', 'game accessory', 'game', 'play three classic games', 'video game', 'handheld gaming', 'switch lite']"
486103108,https://i5.walmartimages.com/asr/ea17c6b6-7a23-4903-8b37-bd45281d6020_1.0b4bf0904e669a2f1054eca3e16c559a.jpeg?odnWidth=undefined&odnHeight=undefined&odnBg=ffffff,"['waffles', 'waffle makers', 'waffle maker', 'Belgian Waffle Makers']","['Waffle Makers', 'Belgian Waffle Maker']","['breakfast', 'waffles off the iron', 'Belgian Waffle Makers', 'waffle plates power', 'waffles', 'waffle plates', 'waffle makers', 'brownie waffles', 'waffle maker', 'waffles itac', 'waffle']"
601054792,,['drinking bottle'],"['Drinking Bottle', 'Water Bottle for Small Animals']","['bottle', 'drinking', 'hamster drinking', 'animals rats', 'water bottle', 'container base', 'hamster drinking bottle', 'bottle material', 'drinking bottle', 'chinchilla guinea', 'water dispenser']"
482075323,https://i5.walmartimages.com/asr/147296d3-de06-4fbe-8be4-503fb7cc4ad5_1.2b15ec8b2f64a3140bdd5ea7cb7cca62.jpeg?odnWidth=1000&odnHeight=1000&odnBg=ffffff,['cds'],['music'],"['cover', 'cds', 'minibook', 'CDs (music)', 'photobook']"
474699475,https://i5.walmartimages.com/asr/2dc93dc4-4698-4595-9660-56b262f4df56.f363acf1a8bf50f02189b080f500d265.jpeg?odnWidth=undefined&odnHeight=undefined&odnBg=ffffff,"['nail glues', 'fake nails', 'Nail Glues']",['Nail Glues'],"['manicure', 'false', 'nail glues', 'fingernails', 'glues', 'glue fingernail manicure set', 'Nail Glues', 'fake nails', 'fingernail', 'manicures', 'nails', 'glue', 'nail']"
793467204,https://i5.walmartimages.com/asr/1d428206-e25c-466d-ac5b-45354780db27_1.04a82e7634eab8dcf0e4714ba1ada3b5.jpeg?odnWidth=undefined&odnHeight=undefined&odnBg=ffffff,"['tote bags', 'Tote Bags']","['Tote Bags', 'Shoulder Grocery Bag']","['instrument durable', 'tote bag string', 'canvas tote', 'tote bag', 'bag', 'pickup instrument', 'tote bags', 'Tote Bags', 'bags', 'canvas']"
613678148,https://i5.walmartimages.com/asr/0a418e21-98d0-4892-9fb1-a88085deb948_1.fc9902e539e1a8bc83e27f2397c08f50.jpeg?odnWidth=undefined&odnHeight=undefined&odnBg=ffffff,['candy cones'],['Cotton Candy Machine'],"['flavors', 'floss sugars', 'paper', 'paper cotton', 'candy cones', 'cotton candy machine', 'flavor', 'floss sugar', 'cotton candy', 'candy', 'spin flavored', 'sugars according to the package']"
547122674,https://i5.walmartimages.com/asr/f9a7e838-9bb0-4d6d-8c94-e3fe7139f2a2.68c192b136e0ac9231ee63be7b6f62b4.jpeg?odnWidth=undefined&odnHeight=undefined&odnBg=ffffff,"['bench and rack', 'weight bench', 'Olympic Benches']","['weight bench', 'Bench and Rack', 'workout bench']","['squat rack', 'bench', 'workout routines', 'squats, rack pulls', 'weight bench features', 'bench features', 'Olympic Benches', 'bench and rack', 'weight bench', 'workout stations']"
203585215,https://i5.walmartimages.com/asr/8ad9db88-8cd2-4c79-8766-32a98608997e.4f02425e9c4eb9e570ccf9307853c63a.jpeg?odnWidth=undefined&odnHeight=undefined&odnBg=ffffff,"['sweatshirt', 'sweatshirts', 'Sweatshirts (clothing)']",['Sweatshirts'],"['Sweatshirts (clothing)', 'sweatshirts', 'sweatshirt']"
227560402,https://i5.walmartimages.com/asr/eea2addd-baba-4114-9bf0-3b09c055e7e4.a557898c230430c1f6f5dd36f35f6a73.jpeg?odnWidth=undefined&odnHeight=undefined&odnBg=ffffff,['sleepover accessories'],['Sleepover Accessories'],"['make sleepovers', 'sleepover accessories play set', 'sleepover', 'play set', 'accessories', 'dolls', 'accessories play', 'doll the', 'sleepover accessories', 'doll', 'snacks', 'play']"
41047036,https://i5.walmartimages.com/asr/fe9e24fb-3688-4ccf-b86e-18c757c3b86b_1.7250186b6f9b7d44fd6b21fe14dd5ace.jpeg?odnWidth=undefined&odnHeight=undefined&odnBg=ffffff,['screen protector'],['Screen Protector'],"['tablet', 'tab s', 'screen clean', 'screen', 'protector', 's screen', 'screen protector']"
780124156,https://i5.walmartimages.com/asr/17fc3bb4-6108-46a4-8ad7-59fd4abfd2fa_1.f31036f6cb61a21304052fb3016f0d54.jpeg?odnWidth=undefined&odnHeight=undefined&odnBg=ffffff,['shampoo'],['Shampoo'],"['dermacare', 'itch', 'dandruff treatments', 'scalp', 'dryness', 'haircare', 'shampoo']"
929394772,https://i5.walmartimages.com/asr/1a172ab7-7be0-4bbe-b67a-571051e11e36_1.4dc2b812db8e4f330daffa44890596c7.jpeg?odnWidth=undefined&odnHeight=undefined&odnBg=ffffff,[],['Baby Puppy Accessory'],"['puppy accessory', 'accessory is', 'accessory', 'baby puppy accessory']"
153209626,https://i5.walmartimages.com/asr/14f570e9-79e3-4264-b16c-0557e0bcfc06_1.c020db0f9a26c92b94c4a0f984d6e877.jpeg?odnWidth=undefined&odnHeight=undefined&odnBg=ffffff,[],['Interchangeable Sampler'],"['interchangeable sampler', 'perfect for', 'perfect for any knitter!', 'knitter', 'comby interchangeable']"
24633993,https://i5.walmartimages.com/asr/f89c7cf9-dc29-4b59-8e72-09029de276fb_1.66716dac455871f7edf565f3f21a282f.jpeg?odnWidth=undefined&odnHeight=undefined&odnBg=ffffff,['storage box'],"['Crafts Supply Storage', 'storage box']","['storage box', 'crafts supply', 'grip handle', 'storage', 'arts and crafts supply storage', 'supply storage', 'box', 'tray box']"
465288654,https://i5.walmartimages.com/asr/5a46233f-1f54-4e52-931b-c1a2781b34fe_1.e010cea1d3a9698ed532bda9fdb06373.jpeg?odnWidth=undefined&odnHeight=undefined&odnBg=ffffff,"['sleeping pad', 'air mattress']",['Sleeping Pads'],"['pillow', 'pads', 'air mattress', 'carry bag', 'sleeping pad', 'foam insulation', 'pad', 'inflatable', 'sleeping', 'mattress']"
139899465,,[],['Elote'],"['carrito de', 'carrito de elote']"
124558445,https://i5.walmartimages.com/asr/2b42c6bd-7ef7-4b53-a393-0c85a800abde_1.78775b75d1d6795348a594d23c857e9c.jpeg?odnWidth=undefined&odnHeight=undefined&odnBg=ffffff,['shirt'],"['T-Shirt', 'Tee', 'shirt']","['short', 'newspaper', 'shirt', 't-shirt', 't-shirt tee']"
765196018,,['trampoline'],['trampoline'],"['exacme', 'trampoline']"
805865464,https://i5.walmartimages.com/asr/f90b1431-9db7-4417-93dd-f20f89a9fffa_1.5cb7ce708d4d017cc41ad2b2abeeb08a.jpeg?odnWidth=undefined&odnHeight=undefined&odnBg=ffffff,['vanity set'],"['Pretend Play Vanity Set', 'Playset']","['vanity set', 'vanity', 'toy', 'dressing table play set', 'pretend play dressing table', 'mirror', 'batteries', 'play vanity', 'pretend play', 'vanity playset', 'features flashing', 'play dressing', 'dressing', 'dressing table']"
539946216,https://i5.walmartimages.com/asr/0e9d1ecf-b106-43d8-bca8-9e111e448d89_1.68969656dec511b2cc3b640a68a63e0e.jpeg?odnWidth=undefined&odnHeight=undefined&odnBg=ffffff,['Monster Trucks (toy)'],['toy'],"['filled coil', 'monster trucks', 'vehicle', 'rc', 'Monster Trucks (toy)', 'truck']"
35067455,https://i5.walmartimages.com/asr/66f70a80-e90a-4fc3-a2e1-15c90aba8d62.24938b81388dab04d7a891881450a7a4.jpeg?odnWidth=undefined&odnHeight=undefined&odnBg=ffffff,"['pickles', 'Dill Pickles']",['Dill Pickles'],"['pickles lightly', 'pickle slices', 'dill', 'crispy', 'Dill Pickles', 'rich crispy', 'pickles']"
14560047,https://i5.walmartimages.com/asr/c35388c3-145a-4952-adff-043f9d4d7cde_1.4be4c6d0e4231c39fc1bb1cb39be0270.jpeg?odnWidth=undefined&odnHeight=undefined&odnBg=ffffff,"['jack stands', 'both steel jack stands']","['Jack Stand', 'steel jack stands']","['ton', 'jack stands are equipped', 'jack stands', 'jack stand', 'stands', 'both steel jack stands']"
974925188,,['canopy'],"['canopy', 'Replacement Canopy']","['canopy', 'gazebo']"
668794306,https://i5.walmartimages.com/asr/304e3e11-e0b6-47e1-90b7-e409a3fc307c_1.ae2cf8e86173d37399cd93db9a3be8e9.jpeg?odnWidth=1000&odnHeight=1000&odnBg=ffffff,['usb cable cord'],"['USB Cables', 'USB Cable Cord']","['usb cable cord', 'printer', 'usb cables', 'USB Cables', 'cables', 'male cables', 'cable', 'plug and play hotpluggable', 'usb']"
43330091,https://i5.walmartimages.com/asr/5725d9e3-a570-45e9-bb4c-b159ccf9c5e2.543f6da50590891617a6773c23ee725e.jpeg?odnWidth=1000&odnHeight=1000&odnBg=ffffff,[],['Bounce Adapter'],"['fabrication ent', 'swing seat', 'the adapter', 'bounce adapter', 'swing move', 'support swing', 'seat', 'adapter make']"
329350705,https://i5.walmartimages.com/asr/c89fa0b9-348c-4f74-9232-e4888c253fbe_1.4da1f2211e4978b611edf1390c5ca9c7.jpeg?odnWidth=1000&odnHeight=1000&odnBg=ffffff,['instant film'],['Instax Mini film'],"['instax', 'instant film']"
435544822,https://i5.walmartimages.com/asr/2c6ac37b-6dec-4d77-9a65-d5ecf568b241.96a6b9d349ea2cfaaab51f63d8073b06.jpeg?odnWidth=1000&odnHeight=1000&odnBg=ffffff,[],['Humor Billionaire Adventure'],['paperback']
635259094,https://i5.walmartimages.com/asr/7e215142-bc14-45cb-a15f-65dd42a802e2_1.00cc4de1170405385244bc35d76a8ce2.jpeg?odnWidth=undefined&odnHeight=undefined&odnBg=ffffff,[],['Conditioner'],"['shea butter', 'oil mango', 'oil panax', 'trimethicone polysorbate', 'soja oil', 'olive oil', 'argan oil', 'conditioner', 'ingredients', 'oil argan']"
112578578,https://i5.walmartimages.com/asr/677aca34-27e3-4ab7-aba2-6a72b6bf9679_1.52feec86ecb3be8fac6910722058d594.jpeg?odnWidth=undefined&odnHeight=undefined&odnBg=ffffff,['slippers'],['Slippers'],"['slip', 'slippers', 'back slip']"
866829685,https://i5.walmartimages.com/asr/44d7a3c2-b91c-4ca4-80c6-df293f7f480b_1.b04e0a4ee7ac9d079f6732181908beb0.jpeg?odnWidth=undefined&odnHeight=undefined&odnBg=ffffff,"['multicookers', 'Multicookers']",['Multicookers'],"['Multicookers', 'pot', 'cooker', 'multicookers', 'multicooker', 'microprocessor']"
971603647,,[],"['Case Bag', 'Zipper Bag']","['school office', 'pencil pen case', 'pen', 'school supplies', 'supplies', 'school supplies big capacity', 'pencil pen case bag', 'holder']"
37842045,https://i5.walmartimages.com/asr/2c23082a-cb7f-42c3-97a8-c9df940b98eb_1.5c662f99fb9fcea25be66c982691d3ba.jpeg?odnWidth=undefined&odnHeight=undefined&odnBg=ffffff,['storage cart'],['Craft Storage Cart'],"['roll cart', 'storage cart', 'storage', 'ideal for crafters', 'unit rolls under workspace', 'cart']"
748092854,https://i5.walmartimages.com/asr/0f227d25-0746-4685-b266-0f1ecd8dd3c6.847c7727c08bcc476d55ae6a6b416953.jpeg?odnWidth=undefined&odnHeight=undefined&odnBg=ffffff,"['desk chair', 'office chair']","['Office chair', 'desk chair', 'computer chair', 'executive chair']","['armrest', 'office chair', 'desk chair', 'support office', 'office chair desk', 'sitting', 'seat', 'office chair can', 'computer chair are suitable', 'chair using', 'chair comes', 'computer chair', 'desk', 'backrest', 'cushion', 'wheel and chair can', 'chair', 'flip up']"
51745963,https://i5.walmartimages.com/asr/9f86ad8f-72d0-4f36-90f3-ddfe69774354_2.153ddb2e1801690829c76d1a951c6773.jpeg?odnWidth=undefined&odnHeight=undefined&odnBg=ffffff,['Eau de Parfums'],"['Eau de Parfums', 'Perfume']","['parfum', 'london eau', 'perfume', 'london', 'parfum spray', 'Eau de Parfums']"
756479316,https://i5.walmartimages.com/asr/de1b270e-f347-45c6-8cb8-cd84b82bec75.268780e6622df237d3e97648c2054ddb.jpeg?odnWidth=undefined&odnHeight=undefined&odnBg=ffffff,['gazebo canopy'],['Canopy'],"['gazebo canopy', 'mosquitoes bugs', 'netting blocking', 'netting', 'mosquito netting', 'canopy', 'gazebo']"
569855340,https://i5.walmartimages.com/asr/f3a6dfa9-057b-4320-8733-5d3f39f69353_1.6205ce94a3daef9c176bc8043ec3795d.jpeg?odnWidth=undefined&odnHeight=undefined&odnBg=ffffff,"['snow blowers', 'spark plug']",['Spark Plug'],"['compact', 'snow blowers', 'plug', 'spark', 'blowers', 'plug part', 'spark plug part', 'spark plug']"
128560705,,"['table runners', 'table runner', 'tablecloth']","['table runner', 'Tablecloth']","['tablecloth', 'decoration accessories', 'table runner', 'candy buffets', 'table runners', 'party tables', 'champagne', 'glitter', 'dessert', 'tables', 'dessert tables', 'runner']"
49376403,https://i5.walmartimages.com/asr/965faeed-b2d5-474f-a1e1-3a4858df10b0_1.24c008f4f0422f62d2d7f919286edcce.jpeg?odnWidth=undefined&odnHeight=undefined&odnBg=ffffff,['throw'],['Pillow and Throw Set'],"['pillow', 'throw']"
234988055,https://i5.walmartimages.com/asr/686dde32-edf2-41a4-8a5f-84bb5664dd2c.004c3b4f47f636019b75020ce518f6c1.jpeg?odnWidth=undefined&odnHeight=undefined&odnBg=ffffff,['humidifier'],"['humidifier', 'Fog Maker Generator']","['fogger', 'body tank', 'humidifier can pump the moist', 'humidification', 'tank', 'humidifier', 'reptile amphibian', 'humidifier can pump', 'fog at', 'chameleons snakes', 'vaporizer', 'water tank', 'iguanas lizards']"
140153374,,['furnace elbows'],"['Stove Pipe Elbow', 'furnace elbows']","['pipe', 'stove pipe elbow', 'elbow', 'elbows adjustable', 'furnace elbows', 'stove']"
540346531,https://i5.walmartimages.com/asr/664c1283-c281-49f4-85a2-6c403223b0b6_1.accf448cbbe999dae4ffef70442fcba2.jpeg?odnWidth=1000&odnHeight=1000&odnBg=ffffff,['beads'],['beads'],"['jewelry', 'piece puffed', 'beading suppliers', 'beads/ finding piece', 'beads', 'necklace', 'beads are']"
237811099,https://i5.walmartimages.com/asr/4f79421b-1345-4488-8a86-dcd00a26e73a.af4e1a062451acbe071ae10973aa2ca7.jpeg?odnWidth=1000&odnHeight=1000&odnBg=ffffff,"['jogger', 'track pants', 'pants']","['Ladies Pants', 'Pants', 'Jogger']","['jogger', 'pants', 'track pants']"
273698897,https://i5.walmartimages.com/asr/59f68e25-04cd-474e-bff3-1210e0d81559.8b6157f5afd402ac0234cbc01c77c4a0.jpeg?odnWidth=undefined&odnHeight=undefined&odnBg=ffffff,['perfume'],"['scent', 'Perfume']","['parfum', 'scent', 'perfume', 'dreamy blend', 'fragrance']"
873749413,,['water bottle'],['Water Bottle'],"['bottle', 'vacuum insulation', 'vacuum', 'vacuum insulated', 'water bottle keeps drinks', 'steel water', 'water bottle keeps drinks cold', 'water bottle']"
970042430,https://i5.walmartimages.com/asr/8465af91-b9ac-4e33-a1c9-13af4e1d6f0d.104d1f1069d2d36ede694d51125226fc.jpeg?odnWidth=1000&odnHeight=1000&odnBg=ffffff,[],['Biology: Science for Life'],"['biology courses', 'masteringbiology', 'biology']"
221737649,https://i5.walmartimages.com/asr/23113e0a-4da4-4565-850b-6ea32725ed64_1.d659f8059516619874fcb23a8dfc643f.jpeg?odnWidth=undefined&odnHeight=undefined&odnBg=ffffff,"['t-shirts', 'l.o.l. surprise!', 'Graphic T-Shirts']",['Graphic T-Shirts'],"['l.o.l. surprise!', 'shirts', 'dye', ""t-shirt will make a cute addition to your little girl's wardrobe"", 'Graphic T-Shirts', 'tie', 'shirt', 'doll', 't-shirts', 'this l.o.l.', 't-shirt', 'doll graphic', 'surprise']"
13726610,https://i5.walmartimages.com/asr/f6aba3b2-a2de-45c9-9d50-9ba0727b73ed_1.7aa52b768fe15d5571e350766c5f6b3d.jpeg?odnWidth=1000&odnHeight=1000&odnBg=ffffff,[],"['Floating Lounger Chair', 'inflatable chair', 'floating lounger']","['inflatable chair', 'pool', 'floating lounger chair', 'swimming pool', 'swimming', 'floating lounger', 'pool fabric', 'inflatable', 'ultimate floating', 'lounger']"
123496994,https://i5.walmartimages.com/asr/15d55557-d21e-43bb-8620-802014adf101_1.186c41ea5d703f28d47604d04a290c86.jpeg?odnWidth=undefined&odnHeight=undefined&odnBg=ffffff,['cutting board'],['cutting board'],"['cheese', 'cheese cutting', 'cutting', 'cutting board scratch', 'cutting board']"
409830873,https://i5.walmartimages.com/asr/16a744ca-e060-4bcc-9563-ed17760cc092_1.57002ceef7051e3ff4a66692d0eede8e.jpeg?odnWidth=undefined&odnHeight=undefined&odnBg=ffffff,['labels'],"['Labels', 'Shipping Labels']","['permanent adhesive', 'shipping', 'labels', 'shipping labels', 'packaging', 'postage']"
705893055,,['Fiberglass Repair Kits'],"['Fiberglass Repair Kits', 'Repair Kit']","['bathtub repair', 'fiberglass repair kits', 'Fiberglass Repair Kits', 'bathtub repair kit', 'bathtubs shower', 'toilets sinks']"
658967393,,"['bistro chairs', 'patio furniture']",['bistro sets'],"['bistro sets', 'furniture', 'coffee table', 'patio furniture', 'cushions', 'balcony', 'table', 'patio furniture cushioned', 'bistro', 'chairs', 'bistro chairs']"
134993127,https://i5.walmartimages.com/asr/0bf057c4-d300-494e-a16f-5252e8dadad5.0deb5aa6167d88ec8d2dd48e30498793.jpeg?odnWidth=1000&odnHeight=1000&odnBg=ffffff,['coloring book'],"['book', 'coloring book']","['book', 'book teaches', ""nativity refers to a person's birth"", 'coloring book teaches the true meaning of christmas and is the perfect', 'coloring book', 'hand signs']"
375534284,https://i5.walmartimages.com/asr/da9f6f02-ac87-4899-b41d-6542adbf9c8b.ac1f38cc2eac225ffbbe70006655b747.jpeg?odnWidth=undefined&odnHeight=undefined&odnBg=ffffff,"['dolls', 'barbie']",['doll'],"['barbie', 'surprises', 'doll', ""doll's"", 'dolls', ""doll's face -- kids can"", 'doll s']"
55207922,https://i5.walmartimages.com/asr/c43ccd10-254d-4331-adbb-178aa12f1e45.4d2205ba0744c238cc7532f02bf6884e.jpeg?odnWidth=1000&odnHeight=1000&odnBg=ffffff,['Thickening Shampoos'],"['Thickening Shampoos', 'shampoo']","['shampoo fortifies fragile', 'Thickening Shampoos', 'shampoo', 'shampoos', 'lather', 'sulfate']"
23728681,,[],['cookbook'],"['recipes', 'favorites chapters', 'cookies candies', 'candies cakes', 'pastries', 'cheesecake', 'cookbook', 'dinner menus', 'cookies', 'cookbook filled', 'home help', 'indexes recipes', 'welcome friends']"
986171040,https://i5.walmartimages.com/asr/cae9c902-537a-4a96-85d1-2699c9f6829d_1.9e4c8d99f9589eb06d4be9a07a0d0100.jpeg?odnWidth=undefined&odnHeight=undefined&odnBg=ffffff,[],['Posters'],"['prints on paper', 'prints', 'paper print', 'poster art', 'posters', 'poster']"
497912042,https://i5.walmartimages.com/asr/ff1f75a8-9f65-4545-aed5-b67a2c78f186.a9b64281d37cec8af4c33619225ddbd0.jpeg?odnWidth=undefined&odnHeight=undefined&odnBg=ffffff,"['bedding set', 'duvet cover', 'quilt cover', 'bedding duvet cover']","['duvet cover set', 'quilt cover']","['cover can', 'quilt cover', 'bed cover', 'quilt', 'bedding duvet cover', 'duvet', 'bedding set', 'comforter filling', 'quilt without running around', 'duvet cover', 'cover']"
569986796,https://i5.walmartimages.com/asr/ac329a1a-8e81-4803-a1e5-4a05592e140f.0eda0b47d954861545a70398c82a1eff.jpeg?odnWidth=undefined&odnHeight=undefined&odnBg=ffffff,"['duvet cover', 'duvet covers', 'quilt cover']",['duvet cover set'],"['quilt cover', 'bedding', 'comforter cover', 'comforter', 'duvet covers', 'bedding sets', 'duvet/quilt cover', 'duvet', 'bedding set', 'bed set', 'covers', 'duvet cover', 'cover']"
192888720,https://i5.walmartimages.com/asr/229bbd0b-5669-48a5-bd93-d541a3529d9d_1.bbdce371c05047060ea353bd7a5ba95a.jpeg?odnWidth=undefined&odnHeight=undefined&odnBg=ffffff,['bop it!'],['Minion Stuart'],"['bop', 'mess up', 'game', 'play in', 'bop it!', 'game for game']"
166060736,https://i5.walmartimages.com/asr/01ef3502-b4c9-4ef8-85be-261d542eecaf_1.68ff850223f65d2558b14010d4665b1d.jpeg?odnWidth=1000&odnHeight=1000&odnBg=ffffff,"['vacuum bag', 'vacuum bags']",['Vacuum Bag'],"['vacuum bag', 'vacuum', 'bag', 'filtration traps microscopic', 'canister', 'canisters', 'filtration traps', 'vacuum bags', 'traps microscopic', 'bags']"
790559675,https://i5.walmartimages.com/asr/01bf708d-0700-475e-8ba2-2c257e51ef1b_1.8031711b75329fdcb3b498f033c5784d.jpeg?odnWidth=undefined&odnHeight=undefined&odnBg=ffffff,[],['Lamp Base'],"['fillable accent', 'lamp can hold one', 'lamp', 'table lamp', 'table lamp base', 'accent', 'accent glass', 'bulb', 'lamp base', 'jar', 'fill']"
134552805,,['ink cartridge'],['Edible Ink cartridges'],"['ink cleaning cartridges', 'cartridges install', 'leaving your printer', 'cleaning cartridges and run an internal printer feature', 'ink cartridge', 'edible inks are designed', 'cartridge', 'ink', 'cli', 's printheads', 'printheads', 'edible images', 'edible inks', 'cleaning cartridges', 'cleaning solution', 'printers', 'cartridges', 'ink cartridges', 'printhead will', 'ink cartridges are water based cartridges', 'printing blank sheets', 'cleaning cartridges and run an internal printer', 'edible printing', 'edible cleaning cartridges', 'based cartridges', 'edible cleaning solution cartridges', 'photo printers']"
644849489,https://i5.walmartimages.com/asr/8afa1bbf-36a0-4472-b75b-b784d116313a.c5a212eb708688c117c250dd80149c5a.jpeg?odnWidth=1000&odnHeight=1000&odnBg=ffffff,"['instant film', 'instax']",['Instax Mini film'],"['instax', 'instant film']"
218302182,https://i5.walmartimages.com/asr/f818684a-17a3-4cc7-927a-017239f52a5b.4fe7d529ea681272f219911aba985b5c.jpeg?odnWidth=undefined&odnHeight=undefined&odnBg=ffffff,[],"['Fruit Chews', 'fruits candy']","['fruit flavor', 'juice flavors', 'fruit', 'stand up bag', 'bag', 'fruits candy', 'Fruit Chews', 'fruit chews']"
121589837,https://i5.walmartimages.com/asr/da628204-93a3-44a7-835c-8e7742adbcda_1.e0c8ed50c83612fa2b736618adcaaaf5.jpeg?odnWidth=1000&odnHeight=1000&odnBg=ffffff,['wine tasting glasses'],['Poster'],"['danitadelimont', 'tasting glasses', 'poster print', 'wine tasting glasses', 'glasses maison', 'tasting', 'poster']"
786834227,https://i5.walmartimages.com/asr/16af9d59-9ece-4bd1-8635-dba874faf350.c50c90a93f009558c77093231c189bb5.jpeg?odnWidth=undefined&odnHeight=undefined&odnBg=ffffff,['headphones'],['headphones'],"['headphone', 'headband', 'battery allows', 'headphones', 'ear', 'microphone', 'battery']"
791596268,https://i5.walmartimages.com/asr/8b9dee8b-b1f9-4164-8f9e-b6cf4589b6b8_1.36d3bea2bf536996556a9a8428c3459c.jpeg?odnWidth=undefined&odnHeight=undefined&odnBg=ffffff,['bath mat'],"['Bath Mat', 'Floor Mat']","['doormat rug', 'bath mat', 'decor', 'rug', 'doormat', 'floor mat', 'mat', 'mkhert', 'rug home', 'mat bath']"
261065222,https://i5.walmartimages.com/asr/30f6b669-11f9-443b-9330-78448190d547.b8f38d97d74cdf8e935583e4942f81d2.jpeg?odnWidth=undefined&odnHeight=undefined&odnBg=ffffff,[],['Backdrops'],"['wall plastic backdrop', 'photo backdrops', 'wall backdrop', 'brick', 'faux', 'plastic backdrop', 'cardboard boxes', 'wall', 'backdrop']"
5969631,https://i5.walmartimages.com/asr/60238bad-7961-41d3-bdc1-25fe69f823fb_1.cf3100a3fbcf9721128808507138ca42.jpeg?odnWidth=undefined&odnHeight=undefined&odnBg=ffffff,"['dutch oven', 'dutch ovens', 'Dutch Ovens']",['Dutch Ovens'],"['loop', 'dutch ovens', 'iron pot', 'ovens', 'Dutch Ovens', 'grill', 'oven', 'iron design', 'handle', 'dutch oven w/ loop handles', 'dutch oven']"
930659833,https://i5.walmartimages.com/asr/c83d08ac-270f-4446-ac9d-73e4cf0684e9_1.bc4a550d49516da0ed35e7ed950008fa.jpeg?odnWidth=1000&odnHeight=1000&odnBg=ffffff,[],['Side Window Covers'],"['window covers', 'window aeroshade', 'aeroshade', 'side window', 'covers', 'supercab']"
143397628,,['almond milk'],"['Almond Milks', 'dairy-free plant milk']","['plant milk', 'non dairy milk substitute', 'dairy', 'Almond Milks', 'almond milk', 'milk', 'almond', 'milks', 'almondmilk', 'almond milks']"
698751537,https://i5.walmartimages.com/asr/e593a3c1-8248-4e29-aa8d-bc91e77b8dee.0cb0425505f4987fe2e8b530976714e3.jpeg?odnWidth=1000&odnHeight=1000&odnBg=ffffff,['DVDs (movie)'],"['movie', 'DVDs']","['movie', 'DVDs (movie)', 'dvds', 'card', 'dvd', 'documentary']"
804957978,,['christmas trees'],['Christmas Trees'],"['sympathy silks', 'vase', 'artificial realistic', 'tree', 'tree comes', 'artificial', 'realistic', 'christmas trees', 'pine tree', 'trees', 'bow tree']"
342606832,,"['Dumbbells', 'dumbbells', 'dumbbell']","['Dumbbells', 'weights']","['storage trays', 'dumbbells', 'Dumbbells', 'dumbbells give you the ability to choose between 10', 'weights', 'storage tray', 'dumbbell']"
338275834,,"['Wax Melts', 'wax melts']",['Wax Melts'],"['wax', 'candle wax', 'wax melts', 'candle', 'Wax Melts']"
178954378,https://i5.walmartimages.com/asr/8728d4a6-4d1a-4e69-8481-50ea3caea0f3_1.805162d8be03776155fb506001fb6ca2.jpeg?odnWidth=undefined&odnHeight=undefined&odnBg=ffffff,[],['RC Monster Truck'],"['rc', 'scale brushed', 'shocks', 'rc monster truck suv']"
942620427,https://i5.walmartimages.com/asr/04b7487d-5b31-41c5-a595-6053ffb19197_1.b99a8517199d218f41229ef5c84382de.jpeg?odnWidth=undefined&odnHeight=undefined&odnBg=ffffff,['Lime Juices'],"['Lime Juices', 'juice']","['limes', 'drinks', 'flavors', 'juice', 'flavor', 'savory', 'juices', 'Lime Juices']"
141915668,https://i5.walmartimages.com/asr/52f34967-f76d-438d-83dd-b18f9b3bc9d0.8f65f40cc7d0fe27793f59fc4d130f76.jpeg?odnWidth=undefined&odnHeight=undefined&odnBg=ffffff,['sweater'],"['Bolero', 'Sweater']","['sweater', 'top sweet', 'button long', 'sweet kids', 'button closure', 'button']"
979653573,https://i5.walmartimages.com/asr/8aad856a-f39c-46f1-a833-5d3502218ac4.32a4a02cf7248b985472ef9690f5dfda.jpeg?odnWidth=undefined&odnHeight=undefined&odnBg=ffffff,"['dolls', 'barbie', 'bedroom furniture set']","['dollhouse', 'Barbies', 'Barbie dolls and dollhouse']","[""doll's"", 'bedroom furniture set', 'barbie', 'barbies', 'dolls', 'bed in', 'doll', 'dollhouse', 'doll s']"
55382502,https://i5.walmartimages.com/asr/0a482b46-1ee6-4aff-a70c-5b6808feb0f5_1.7dc62cf612b6140747d922728ed531aa.jpeg?odnWidth=undefined&odnHeight=undefined&odnBg=ffffff,[],['Bar Stool'],"['barstools', 'stool is', 'stool', 'bar', 'barstools are', 'bar stool', 'furniture', 'seat adjusts']"
238397352,https://i5.walmartimages.com/asr/629a862c-630d-4246-a3c4-403295a595f7.3bf2da1a5ef1b34c30932cb36b87ec0e.jpeg?odnWidth=undefined&odnHeight=undefined&odnBg=ffffff,[],"['Sony PS5 Game', 'PS5']","['game spider', 'ps']"
635146736,https://i5.walmartimages.com/asr/7cabaab5-d320-4704-93c2-57971b80de04.540b25e883aff137e7fabb06b6b6260c.jpeg?odnWidth=undefined&odnHeight=undefined&odnBg=ffffff,['jack stands'],['Jack Stands'],"['jack stands', 'stands', 'axle jegs']"
20523468,https://i5.walmartimages.com/asr/447d2668-ed0b-4149-bf93-c3b1ff365e41_1.5e284cb015b7943f3972b4c634765fe9.jpeg?odnWidth=1000&odnHeight=1000&odnBg=ffffff,['window insulator'],"['Insulator Kits', 'Window Insulator Kit', 'window kits', 'window film']","['window kits', 'window insulator', 'insulator kits', 'window kits stay up', 'door']"
960988924,https://i5.walmartimages.com/asr/ac7581f6-d72e-4b7b-bf80-d05f34d6f743.e0958508c41241066f0e667f604005b8.jpeg?odnWidth=undefined&odnHeight=undefined&odnBg=ffffff,"['sweetener', 'Monkfruit Sweeteners']","['Monkfruit Sweeteners', 'Sweetener']","['aspartame', 'aspartame packets', 'gluten', 'sweeteners', 'Monkfruit Sweeteners', 'sweetener']"
740140875,https://i5.walmartimages.com/asr/a75ec5c8-8dde-4417-8c1f-8c74d3c35c14.ff3ff4d8b2b037dac9a2bdff77902189.jpeg?odnWidth=1000&odnHeight=1000&odnBg=ffffff,"['Cake Edible Images', 'cake topper']","['Cake Topper Image', 'Cake Edible Images']","['cake edible', 'cake', 'cupcake', 'icing images', 'Cake Edible Images', 'edible images', 'cupcake toppers', 'topper image', 'cake edible images', 'cupcakes', 'note edible', 'toppers', 'cake topper']"
142240963,https://i5.walmartimages.com/asr/2d37fe3a-eee8-4027-b2ed-305d5092687b_1.dffc4fe24195fa2ebd268d339e558c32.jpeg?odnWidth=undefined&odnHeight=undefined&odnBg=ffffff,['toys'],['toys'],['toys']
935344602,https://i5.walmartimages.com/asr/366dfe1e-c238-40d3-809b-3ecf5ddc6980_1.3f5761900eed57df4d67c828f1c2d876.jpeg?odnWidth=undefined&odnHeight=undefined&odnBg=ffffff,"['cake stand', 'cake stands']",['Cake Stands'],"['cake stand', 'plate', 'cake stands', 'cake plate stand', 'tray', 'dessert']"
811290770,https://i5.walmartimages.com/asr/7d201bb6-fa1f-47ae-84e4-7d81f87ab205_1.0ee093722c247cb0aebe5b8110714871.jpeg?odnWidth=undefined&odnHeight=undefined&odnBg=ffffff,[],['Hat Pin'],"['hat', 'hat pin', 'defender', 'lapel', 'pin']"
132670327,https://i5.walmartimages.com/asr/953222f8-2ca1-4dc1-87f3-ff1f730eecf3.e44d9916756b48d718a79c700bf80fec.jpeg?odnWidth=undefined&odnHeight=undefined&odnBg=ffffff,"['slippers', 'slipper']","['slipper', 'scuff slipper']","['slipper', 'slipper scuff', 'slippers heavy', 'slip', 'slippers', 'moccasin', 'socks']"
135644879,https://i5.walmartimages.com/asr/4cfb1ad4-2fbc-4646-bc92-2436b7d0f082_1.8dd779d8fc5a8f6de4dc23c10b4c6745.jpeg?odnWidth=1000&odnHeight=1000&odnBg=ffffff,['Laminated Posters'],"['Posters', 'Laminated Poster']","['bright colors', 'pet feline', 'Laminated Posters', 'attractive', 'posters', 'poster']"
417704750,https://i5.walmartimages.com/asr/5e98004d-f1da-40a0-a382-382d88a27235.ab16bb830f2f50deb16a11f8d1a05c37.jpeg?odnWidth=1000&odnHeight=1000&odnBg=ffffff,"['cookbooks', 'Cookbooks', 'recipe book']","['Cookbooks', 'book']","['recipes', 'desserts', 'recipe book contains delicious', 'cookbook', 'cookbooks', 'dessert recipes', 'cooking', 'dishes', 'Cookbooks', 'recipe book']"
949455450,https://i5.walmartimages.com/asr/8ca354fe-daa9-4390-87c6-753747a8f2db_1.780052a5bc4d5d7b91f07646a9554594.jpeg?odnWidth=undefined&odnHeight=undefined&odnBg=ffffff,"['wall art', 'Wall Art']","['Wall Art', 'decor', 'bathroom decor']","['decorating', 'wall mount', 'wall art', 'wash', 'decor', 'wall art set', 'Wall Art', 'adorable ahoy']"
838698450,https://i5.walmartimages.com/asr/a3d9d5a1-6797-4f1e-b98d-22165a1a9c48_1.3ec26ddf9aa1ecac92f985491d843306.jpeg?odnWidth=1000&odnHeight=1000&odnBg=ffffff,['wallet card'],['Wallet Card'],"['wallet', 'business card', 'card custom', 'wallet laser', 'wallet card', 'credit card']"
929420282,https://i5.walmartimages.com/asr/14c63b8a-d78c-4936-8322-3f24e8ff1dd1_1.e98c51b4a864860930c6af59a4676d60.jpeg?odnWidth=undefined&odnHeight=undefined&odnBg=ffffff,['tens unit'],"['Pain Relief Massager Unit', 'pain relief']","['stimulator', 'tens sends', 'tens pain', 'ac adapter', 'tens unit', 'tens sends electrical pulses', 'massager', 'pads ehe', 'massager unit', 'tens machine', 'effective tens', 'massage', 'electrode pads', 'pulse', 'gentle stimulation']"
729453721,https://i5.walmartimages.com/asr/33817371-e09b-4992-95f4-54c65725740f_1.2e763709bd0915bce37992c8bd115799.jpeg?odnWidth=1000&odnHeight=1000&odnBg=ffffff,[],['Cut Up Christmas Charades'],"['up mix', 'playing', 'play paperback', 'charades']"
249255945,,['camping lamp'],"['Outdoor Camping Lamp', 'LED Camping Light Lantern']","['flashlight all-in-one', 'camping lamp', 'backup', 'flashlights', 'backup usb charger', 'lantern', 'emergency situations', 'light', 'lamp', 'light lamp lantern', 'light lamp', 'flashlight', 'camping light', 'usb cable']"
878358867,https://i5.walmartimages.com/asr/8959d479-a238-4361-bad3-292e505bb422.1eb29b399f8830eb4d9453fc3bef4f89.jpeg?odnWidth=undefined&odnHeight=undefined&odnBg=ffffff,"['screwdriver', 'controller', 'security screwdriver']","['SECURITY SCREWDRIVER SET', 'Xbox controller repair kit', 'security screwdrivers']","['xbox', 'security screwdriver', 'repair screwdriver', 'widely application: repair kit', 'security screwdrivers', 'controller repair', 'consoles', 'screwdriver bits', 'complete repair kit', 'screwdrivers', 'repair kit', 'controller', 'pry tools', 'playstation', 'screwdriver']"
499201917,,['stand mixer'],['Stand Mixer'],"['stand mixer', 'stand', 'head stand', 'mixer']"
364322474,https://i5.walmartimages.com/asr/385ae89c-37ed-4c51-a99e-452ab13c37d1_1.1937ac3f5077285382c1c2f5d0fbf4d3.jpeg?odnWidth=1000&odnHeight=1000&odnBg=ffffff,"['marshmallow melt', 'Shea Butters']",['Shea Butters'],"['shea butter', 'butter', 'shea', 'shea butters', 'marshmallow melt', 'cream', 'marshmallowy', 'supple', 'Shea Butters']"
10805024,https://i5.walmartimages.com/asr/ccee16ae-737d-4774-8e59-1fe0664fb13a.4acb9b02094d0ac0c364c4bd72f0cd0a.jpeg?odnWidth=undefined&odnHeight=undefined&odnBg=ffffff,"['ice cream bars', 'Ice Cream Bars']",['Ice Cream Bars'],"['ice cream', 'frozen treats', 'one delicious, ice', 'classic orange', 'the smooth and ice creamy', 'bar', 'ice cream truck', 'Ice Cream Bars', 'cream bars', 'ice creamy', 'dessert', 'treat bar', 'ice cream bars', 'ribbon', 'bars', 'dessert paired', 'dream frozen']"
54358575,https://i5.walmartimages.com/asr/2281987f-5576-4b1b-b0cd-7b0172a758c0_1.51eb66fb1a93d2f7d3a0f3013dc6ffde.jpeg?odnWidth=1000&odnHeight=1000&odnBg=ffffff,[],['Book'],"['worry', 'stories']"
21053176,https://i5.walmartimages.com/asr/a6f88f16-4020-4106-9350-ba456d639655_1.c0deb4cc84b74912a62e9b1e5182b91e.jpeg?odnWidth=undefined&odnHeight=undefined&odnBg=ffffff,['blood oranges'],['Blood Oranges'],['blood oranges']
147521308,https://i5.walmartimages.com/asr/f922acc0-5ee5-46bf-a4f0-d54d5eedd3c5.a417d451b191d5ff6012f146d7172086.jpeg?odnWidth=undefined&odnHeight=undefined&odnBg=ffffff,[],"['Seal`oven Door', 'Seal']",['seal oven']
436661326,https://i5.walmartimages.com/asr/f67b82a4-3073-467e-b445-48ee7235a47c_1.722bfc9a897be9a0e06ca82be8871800.jpeg?odnWidth=1000&odnHeight=1000&odnBg=ffffff,[],['card game'],"['card game', 'game', 'game we', 'the game']"
511236028,https://i5.walmartimages.com/asr/0b6d0c8f-7de9-47d9-b1e4-8939b709dd35_2.e9100623386a02dbf0798121ba5b25b2.jpeg?odnWidth=undefined&odnHeight=undefined&odnBg=ffffff,['bow rack'],"['bow rack', 'Archery Bow Rack']","['archery', 'archery bow rack wall mount', 'archery bow', 'bow rack', 'arrow display', 'rack', 'display wall', 'archery bow rack', 'wall storage', 'crossbow']"
394629968,https://i5.walmartimages.com/asr/8788aff7-eb75-4ccc-b01c-20956fe37fd6_1.1e8399b35bdddf1409b8880a82137c50.jpeg?odnWidth=undefined&odnHeight=undefined&odnBg=ffffff,[],['Washer Direct Drive Coupler'],"['coupler fits', 'washer direct drive coupler', 'coupler', 'drive coupler', 'washer direct']"
393873888,https://i5.walmartimages.com/asr/7c74c891-8aa6-45f5-a544-77706c5f962c.79c24b18ba5cbf79869a419d5ccca04f.jpeg?odnWidth=undefined&odnHeight=undefined&odnBg=ffffff,"['weight bench', 'weight benches', 'Weight Benches']",['Weight Benches'],"['weight benches', 'bench', 'exercise chart', 'Weight Benches', 'leg developer', 'weight bench']"
110812951,https://i5.walmartimages.com/asr/7c74c891-8aa6-45f5-a544-77706c5f962c.79c24b18ba5cbf79869a419d5ccca04f.jpeg?odnWidth=undefined&odnHeight=undefined&odnBg=ffffff,['desserts'],"['Diet Book', 'cookbook']","['recipes', 'desserts', 'sweet pineapple', 'pineapple recipes', 'cookbook', 'pineapple dishes', 'cookbook contains', 'cooking']"
441900087,https://i5.walmartimages.com/asr/d1745dac-98b5-40b0-94ff-7461984fcea3_1.5798c8a56a60ace8faa77157a6c362ab.jpeg?odnWidth=1000&odnHeight=1000&odnBg=ffffff,[],['Pick Up the Phone and Listen'],"['the phone', 'listen pick', 'phone']"
330922481,https://i5.walmartimages.com/asr/d3ac4b99-da7f-4940-9d80-2daa041b8ed8_1.372575b7f3511793adb8b000cc4ab160.jpeg?odnWidth=1000&odnHeight=1000&odnBg=ffffff,['car mount'],['Car Mount'],"['car mount', 'smartphones', 'mount your', 'vent car', 'car air vent', 'phone', 'mount your phone', 'air vent car mount', 'mount']"
5357842,https://i5.walmartimages.com/asr/70e33e67-c330-45e1-8dbd-5f940b50849c.92b40a67238bca6b6f5291bef1bc83d2.jpeg?odnWidth=1000&odnHeight=1000&odnBg=ffffff,[],"['Discover Atlantis', 'Travel Guides']","['travel guides', 'Travel Guides']"
550554639,https://i5.walmartimages.com/asr/640c7a26-cb65-4532-a8d1-23b40bdaa8fa_1.87ecdb0beeab0ee1f0677a34ae5d1ed9.jpeg?odnWidth=1000&odnHeight=1000&odnBg=ffffff,[],['The RV Passive Income Guide'],"['living the life!', 'laptop']"
486582789,,['Foaming Baths'],['Foaming Baths'],"['soak 3', 'foaming bath', 's epsom', 'baths dr', 'epsom', 'epsom salt', 'baths', 'Foaming Baths']"
473617898,https://i5.walmartimages.com/asr/2df6b56c-366e-474d-bca2-4436bb7b6544.47e33206ce35c1f0cfaae0f25dc6ba2d.jpeg?odnWidth=1000&odnHeight=1000&odnBg=ffffff,"['ear pads', 'ear pads cushions']","['ear pads', 'Ear Pads Cushions']","['ear pads', 'headphones', 'ear pads cushions', 'earpads', 'replacement ear']"
15641321,https://i5.walmartimages.com/asr/9e3e2c98-6635-4180-8f3e-001766b79709.5c23cb3b23bed3501ff905e5e36b7deb.jpeg?odnWidth=undefined&odnHeight=undefined&odnBg=ffffff,['Pop-Up Hampers'],"['Pop-Up Hamper', 'Pop-Up Laundry Bin']","['Pop-Up Hampers', 'hamper features', 'glides swiftly', 'laundry', 'up hampers', 'folding', 'hampers', 'hamper']"
966434376,https://i5.walmartimages.com/asr/241c944e-581f-4a8c-b9a6-574028581174_1.4bdb4df835f123f9ba4aea30e7f75e5b.jpeg?odnWidth=1000&odnHeight=1000&odnBg=ffffff,[],['Pipe'],"['tee', 'pipe tee']"
753463074,https://i5.walmartimages.com/asr/e9f7a1df-d7ab-4a83-8765-beeffa9e3cbc.640d81f0525d9752b1acf37bb989c995.jpeg?odnWidth=1000&odnHeight=1000&odnBg=ffffff,[],"['book', 'Bibles', 'Bible book']","['typeface', 'Bibles (religious)', 'bible book tabs', 'text', 'bible book']"
417987692,https://i5.walmartimages.com/asr/177c3528-d7ed-4c01-b015-b65433cb270d_1.b6d9a1e5d88c6b26f341eeeb77bbd626.jpeg?odnWidth=1000&odnHeight=1000&odnBg=ffffff,['filament tape'],['Filament Tape'],"['yarn', 'backing', 'yarn backing', 'yarn backing - 1', 'tape width', 'tape packaged', 'tape', 'filament tape', 'rubber glass']"
955813863,https://i5.walmartimages.com/asr/1bb2c851-bf21-4042-8d6e-48eededf2592.b2a6a6a7f5528d1c4af43384b8eafb0e.jpeg?odnWidth=1000&odnHeight=1000&odnBg=ffffff,['console cooler'],"['game cooling box set', 'GAME COOLING FAN', 'console cooler', 'gaming console cooler']","['cooling adapter set', 'adapter set', 'accessories', 'xbox', 'exhaust fan switches', 'adapter', 'ports', 'consoles', 'console cooler', 'usb 3.0 port', 'ps', 'console cooling', 'usb ports', 'temperature control system', 'consoles are', 'console', 'fan in', 'playstation', 'cooling fan']"
339656464,,[],['Water Pills'],"['herbal supplement', 'dietary supplement', 'water pills', 'tablets', 'supplement', 'pills']"
979864371,https://i5.walmartimages.com/asr/cc2b29cf-e638-4f84-a5d0-14163a567baf.f537d8979b0b4b206cdd19004bea1285.jpeg?odnWidth=undefined&odnHeight=undefined&odnBg=ffffff,[],['Roof Spoiler'],"['lip sticker', 'your car', 'tail spoiler', 'car', 'spoiler material', 'both car', 'all car', 'decorative accessory', 'car body', 'roof spoiler', 'center package', 'car decorative accessory', 'accessory']"
845142462,https://i5.walmartimages.com/asr/3111bc6e-1156-4099-8d72-058586d4568c_1.9cb95827a7bc54b9c7effd26fa8dc62e.jpeg?odnWidth=undefined&odnHeight=undefined&odnBg=ffffff,[],"['Storage Organizer', 'Pod Storage Organizer']","['storage container', 'pod', 'storage organizer', 'container', 'beverage', 'organizer', 'fans', 'storage', 'beverage pod storage']"
144701210,https://i5.walmartimages.com/asr/c2c826c4-a506-46ec-9ed2-ec05b0ea9459_1.4ab2d6b17a5752c7a7759c9579a0fb6e.jpeg?odnWidth=undefined&odnHeight=undefined&odnBg=ffffff,['Beanie Hats'],"['Hats', 'Beanie Hats']","['beanie', 'Beanie Hats', 'hats', 'beanies', 'headwear']"
50676287,https://i5.walmartimages.com/asr/583775e9-0a2c-43b5-acea-5ed489d4a42c_1.4d862e05abd8d47baa06bce716fc63ac.jpeg?odnWidth=undefined&odnHeight=undefined&odnBg=ffffff,"['Post Lights', 'post lights']","['Post Lights', 'Post Cap Light']","['mounting base', 'light to', 'solar panels', 'lights', 'post light', 'post lights', 'Post Lights', 'cap light', 'lights interior', 'light measures']"
889583168,,['car mount'],['car mount'],"['gps car', 'car mount', 'smartphones', 'smartphone', 'phone gps', 'ih', 'phone']"
35587215,https://i5.walmartimages.com/asr/6a8bf000-f1b2-4cfd-9110-6b976df85d05_1.24c2ddea81f5fbe2d28258e069c7532e.jpeg?odnWidth=1000&odnHeight=1000&odnBg=ffffff,[],['Bicycle Tire Liner'],"['tire', 'bicycle tire liner', 'bicycle', 'bicycle tire', 'liner', 'tire and tube', 'tire are', 'puncture', 'tire liner']"
816429347,https://i5.walmartimages.com/asr/616689b9-ccf4-4373-b04e-95d885e644a7.165f22c2841e17defade65fb4dd91a3a.jpeg?odnWidth=undefined&odnHeight=undefined&odnBg=ffffff,"['coloring book', 'game toy']",['Coloring Book'],"['gift', 'party pack', 'game toy', 'coloring book', 'gift bundle', 'coloring', 'coloring book play pack', 'paddle ball', 'kitty graphics', 'stickers', 'goodie bag', 'toys', 'ball coloring', 'bag']"
163700484,,[],"['furniture part', 'Table Leg']","['table', 'white hardware', 'pine color', 'table leg', 'pine']"
840554493,https://i5.walmartimages.com/asr/6b47faf2-60d8-4c4e-8c1d-fbaa74a383b2.5928da45896f8b2c273170fb148e2a73.jpeg?odnWidth=1000&odnHeight=1000&odnBg=ffffff,['contact lens cases'],"['Contact Lens Carrying Cases', 'contact lens cases']","['contact lens carrying cases', 'contact', 'contacts', 'keep lenses', 'durable contact', 'eye', 'contact lens cases', 'contacts carrying case', 'lenses secure', 'lens cases', 'lenses safe', 'wear your contacts', 'lens protection']"
932996716,https://i5.walmartimages.com/asr/49583ea0-f16e-4e48-91b4-494997c59332_1.1e0bb592e6bfe893dcf84e3f28aad5a0.jpeg?odnWidth=1000&odnHeight=1000&odnBg=ffffff,[],['Bulb'],"['bulb', 'lighting', 'lighting wattage', 'lse lighting', 'lamp', 'purifier']"
932931916,https://i5.walmartimages.com/asr/bf5db720-d702-478c-91d8-ebeea4a32b84.6e32a09c3e2ea158dac5e3209c40d958.jpeg?odnWidth=undefined&odnHeight=undefined&odnBg=ffffff,['wrapping paper'],"['wrapping paper', 'Gift wrap']","['paper keep', 'paper storage container', 'container', 'wrapping paper', 'rolls up', 'wrapping', 'wrapping organizer', 'paper storage', 'storage bag']"
56086598,https://i5.walmartimages.com/asr/4c3f62dc-98ef-4a75-88fa-692cb4b99a7f.11d3ccdc5ff5582d9dbc030bcd440e9c.jpeg?odnWidth=1000&odnHeight=1000&odnBg=ffffff,[],"['Leather-Bound Classics: H. P. Lovecraft Tales of Horror', 'tales']","['stories', 'sink deep into more than a dozen classic tales of dark horror by an early master of the genre']"
661892211,https://i5.walmartimages.com/asr/672abc79-c2b1-46f4-99d3-18fba43fb0fb.3cc08029d4e84fb0384ff68d6c622209.jpeg?odnWidth=1000&odnHeight=1000&odnBg=ffffff,[],['Hidden Park: Saving Sophia'],[]
671999887,https://i5.walmartimages.com/asr/daaf432f-bb9e-4b7e-a5a2-2fe84604a929.1351f7dce8db564f87c51fa26911d102.jpeg?odnWidth=1000&odnHeight=1000&odnBg=ffffff,[],['Book'],"['ten tips', 'book', 'brooms']"
267874807,https://i5.walmartimages.com/asr/33ef6c49-342b-49e8-9cc1-f743cc01dde1_1.1087b3eebfe2c8eaee60497dad69717a.jpeg?odnWidth=1000&odnHeight=1000&odnBg=ffffff,"['canvas prints', 'Canvas Prints']",['Canvas Prints'],"['wood root', 'canvas prints', 'vegetable farm', 'root turnip', 'canvas print', 'root turnip vegetable farm', 'canvas', 'Canvas Prints']"
527312463,https://i5.walmartimages.com/asr/506bda2e-15be-42e1-9418-bcc197e33762_1.0fa99b4ed33e055791f5cb4387cd6ca7.jpeg?odnWidth=1000&odnHeight=1000&odnBg=ffffff,[],['Pluralismo dos Media Indicadores de Mercado e Grupos Empresariais em Portugal e na Europa'],"['media', 'regulador', 'sociedade']"
787025806,https://i5.walmartimages.com/asr/f1c85066-1d62-42a7-9c2e-88cd57165774_1.3ada8e500fc941571e76219fb574d7f8.jpeg?odnWidth=undefined&odnHeight=undefined&odnBg=ffffff,"['t-shirts', 't-shirt', 'V-Neck T-Shirts']","['T-Shirts', 'V-Neck T-Shirt']","['shirts', 'bikes', 'bicycles', 'shirt', 't-shirts', 't-shirt', 'V-Neck T-Shirts']"
19801044,https://i5.walmartimages.com/asr/2539af80-fef2-4426-b92d-643266d77688.527f7324284fb1662e79c15f0dbff0c0.png?odnWidth=undefined&odnHeight=undefined&odnBg=ffffff,"['Ground Coffees', 'ground coffees']",['Ground Coffees'],"['coffee', 'ground coffees', 'Ground Coffees', 'coffees', 'hazelnuts']"
770440325,,['ammo'],['Rubberband Shooter'],"['rifles', 'rifles requiring', 'shooter', 'magnum', 'ammo', 'rubber bands']"
503636809,https://i5.walmartimages.com/asr/b8359ee4-cdbf-41d9-94ce-7f4db9238d6e_1.b83b7092cf51e66718f5b5eea31c997b.jpeg?odnWidth=undefined&odnHeight=undefined&odnBg=ffffff,"['outfit', 'barbie', 'doll', 'dress', 'dolls']","['doll clothes', 'Dress Barbie doll']","['doll clothes', 'barbie', 'features', 'accessories', 'dolls', 'clothing', 'decorations', 'doll', 'dress', 'outfit', 'outfits']"
141363916,https://i5.walmartimages.com/asr/526ecfb8-077e-4b79-8b9c-1c22848e7dd2_1.e631175da23efcf11e6bee6325effc22.jpeg?odnWidth=1000&odnHeight=1000&odnBg=ffffff,[],['beverage insualtor'],['slim cans']
50285019,https://i5.walmartimages.com/asr/2210dcef-be6c-476a-a741-31a00dabe105_1.50153e3b391829db8d39bd2c7d9a4ecc.jpeg?odnWidth=undefined&odnHeight=undefined&odnBg=ffffff,"['seat cover', 'Seat Cover', 'seat covers']",['Seat Cover'],"['seat covers', 'car', 'seat covers for car and suv', 'Seat Cover', 'seat', 'covers', 'airbag compatible', 'cover', 'side airbag', 'seat cover', 'for car']"
681061713,,"['smart watch', 'watch band']","['Watch Band', 'Wristband Straps']","['watch wristband straps', 'smart watch', 'watch band', 'bracelet', 'wrist circumference', 'wristband', 'wrist', 'watch', 'band fits']"
213369617,https://i5.walmartimages.com/asr/54f9d7b3-a783-454d-8dde-48b56b83ed59_1.ee1755c2b22b74040359e5726aab8d5c.jpeg?odnWidth=undefined&odnHeight=undefined&odnBg=ffffff,[],"['Pendant', 'Charm', 'Jewelry']","['charm', 'necklaces', 'pendants charms', 'pendant', 'necklaces pendants', 'jewelry', 'jewelry type', 'pendants', 'jewels internal', 'pendants and charms', 'jewels']"
954549913,https://i5.walmartimages.com/asr/ec8baef6-2539-4e16-b63e-438838a7d857_1.cab8e454f3fa9f4b78b1ecc14877f95c.jpeg?odnWidth=undefined&odnHeight=undefined&odnBg=ffffff,[],"['Table Lighting Stick Lamp', 'Lamp']","['the jojo siwa', 'lamp can', 'switch', 'stick lamp can be an excellent', 'side table', 'light', 'lamp', 'off switch', 'table', 'lighting', 'table lighting stick lamp', 'stick lamp']"
358258087,https://i5.walmartimages.com/asr/115bf9b6-ad47-4b81-acda-a9bbd3e2e746.cba4c079876c771881cb01a407b8dc45.jpeg?odnWidth=1000&odnHeight=1000&odnBg=ffffff,['pet house'],['Pet House'],"['pet', 'pet house guinea pig house pet hamster', 'pet hamster', 'sleeping house', 'suitable for guinea pigs', 'hamster rat', 'rat', 'pigs', 'ferrets', 'rat small', 'pet house', 'house pet']"
332584301,,[],['ride-on toy'],"['toy', 'wheels', 'interactive ride', 'little baby bum wheels', 's adorable', 'littlebaby bum', 'favorite little', 'song kids', 'ride', 'toy helps', 'toys', 'interactive ride-on toy helps toddlers', 'bus']"
17219363,https://i5.walmartimages.com/asr/f914e78a-498f-4584-958e-938e17fa25bb_1.c0e35bdeb84d97d53725bd6a8ff72575.jpeg?odnWidth=1000&odnHeight=1000&odnBg=ffffff,"['slow cooker', 'Slow Cookers']",['Slow Cookers'],"['slow cooker', 'cooking', 'gasket', 'Slow Cookers', 'slow cooker to potlucks', 'cook', 'pot', 'timer', 'cooker', 'dishwasher', 'potlucks', 'slow cookers']"
139225109,https://i5.walmartimages.com/asr/af53e736-8187-4ecd-9b42-122c2a382b69.466f7f20c55d35ffdf3064d506e39634.jpeg?odnWidth=1000&odnHeight=1000&odnBg=ffffff,['Bath Toys'],['Bath Toys'],"['toys', 'stimulate baby', 'bath toys', 'bubbles bath toy', 'float and play', 'Bath Toys', 'bath toy']"
224449805,https://i5.walmartimages.com/asr/f889c1b4-b0ac-4d97-9f93-6ff3a5cf2875_1.f6ee1bc47a4ce9c624c90cd572d5aa1b.jpeg?odnWidth=undefined&odnHeight=undefined&odnBg=ffffff,['controller'],['Controller'],"['kick your game', 'game sessions', 'game', 'switch', 'controller']"
892983999,https://i5.walmartimages.com/asr/71df3568-480c-4b50-af1a-4e7e868ebb63.40fd19bcf77da3efb40c1f22bcc86e36.jpeg?odnWidth=1000&odnHeight=1000&odnBg=ffffff,[],['Lunchbox'],"['pizza', 'cooler', 'cooler featuring', 'lunchbox', 'ice box', 'box', 'playmate']"
36556872,https://i5.walmartimages.com/asr/710f8c94-214b-465e-84fb-b712b8d6ae04.044aa03d89583cce1ad2f75e595ddd4d.jpeg?odnWidth=undefined&odnHeight=undefined&odnBg=ffffff,[],"['Civil War Sesquicentennial: The Battle of Allatoona Pass: Civil War Skirmish in Bartow County, Georgia']","['battles', 'allatoona']"
606722881,https://i5.walmartimages.com/asr/8d7c3a01-6922-4c96-88c9-bc12b452b82f_1.bb5216b547e277757c69fe974ae82e60.jpeg?odnWidth=1000&odnHeight=1000&odnBg=ffffff,['replacement top grill'],['Top Grill.'],"['grill replacement grate', 'grill', 'replacement top grill', 'features replacement top grill', 'grills', 'charcoal grills']"
145654206,https://i5.walmartimages.com/asr/916a684e-7159-4c95-9b4c-974a66c5be60_1.18cf59e872297344a9c90f9083273d0e.jpeg?odnWidth=undefined&odnHeight=undefined&odnBg=ffffff,['shimmer and shine'],['Mosaics'],"['sticky gems', 'gems', 'bracelet samira lights', 'shimmer and shine', 'nail glitter', 'mosaics', 'bracelet', 'Nail Glitter']"
575875873,https://i5.walmartimages.com/asr/c2ec8400-9a9e-4d40-847f-f7536e45358e_1.5c598131d49a499009c43e5a1ed0876f.jpeg?odnWidth=1000&odnHeight=1000&odnBg=ffffff,"['Movie Posters', 'posters']","['Posters', 'Movie Poster']","['Movie Posters', 'poster art print', 'framed', 'art print', 'posters', 'poster']"
766255510,https://i5.walmartimages.com/asr/ee6751d8-8fee-451a-9433-641c4fc845d7_1.6dbef74bb62727990882bfa665859159.jpeg?odnWidth=undefined&odnHeight=undefined&odnBg=ffffff,"['napkin', 'napkins']","['NAPKIN', 'table decor accessories']","['dinner', 'kitchen table', 'table decor', 'drink', 'buffet', 'dining room table', 'table decor accessories', 'napkins', 'dining setting', 'napkin']"
45850901,https://i5.walmartimages.com/asr/c795ea4a-ee8c-4918-a336-9fdabf0b0e71_1.1ebbc02edbaf4e9a21215de1d847b7d9.jpeg?odnWidth=undefined&odnHeight=undefined&odnBg=ffffff,[],['Bulbs'],['bulbs']
227793057,https://i5.walmartimages.com/asr/6dded3b4-7af3-4f50-a47c-f2a63860156f.fdecaedae9ae27e30d5a44b296e4140a.jpeg?odnWidth=undefined&odnHeight=undefined&odnBg=ffffff,[],"['TV Remote', 'Remote']","['tv', 'remote', 'remote fit', 'remote compatible']"
943092914,https://i5.walmartimages.com/asr/0ebc408c-1115-4c11-9af9-5cd7cc30e8f5.0a393c743e19c3b5eac6f8d01d0b53d9.jpeg?odnWidth=undefined&odnHeight=undefined&odnBg=ffffff,['the play and learn'],['Toys'],"['toys', 'toy', 'the play and learn']"
317907403,https://i5.walmartimages.com/asr/e7a1781b-161a-4a65-bd93-dc35ca8e0217_1.9b6a745dd77409d4c8fdb34ae279f511.jpeg?odnWidth=undefined&odnHeight=undefined&odnBg=ffffff,"['l.o.l. surprise!', 'Hooded Towels']","['Hooded Towels', 'hooded towel wrap']","['the l. o. l. surprise', 'surprise', 'towel', 'l.o.l. surprise!', 'towels', 'pool', 'towel wrap', 'lol surprise', 'Hooded Towels', 'newest l. o. l. surprise']"
912220805,https://i5.walmartimages.com/asr/c9b3d6d6-cbe2-4fc8-8c9a-e9f5cc42897d.3279cda469fce033c4c3adbcecfa469e.jpeg?odnWidth=undefined&odnHeight=undefined&odnBg=ffffff,[],"['Strainer', 'Milling Machine']","['milling machine', 'manual strainer', 'tomato milling', 'tomato milling machine', 'manual', 'strainer']"
52289549,https://i5.walmartimages.com/asr/26a6a2ae-5b3c-4c5e-b558-1e1586900182.b86845c4fce581092bda3459b2835e90.jpeg?odnWidth=1000&odnHeight=1000&odnBg=ffffff,[],['Books'],"['Books (reading)', 'books', 'daze', 'hardcover', 'cat']"
42882215,https://i5.walmartimages.com/asr/266417fd-3465-438c-946d-5779177ff9da_1.163af71444916afa6e0bc6bebab5fc1c.jpeg?odnWidth=1000&odnHeight=1000&odnBg=ffffff,['string lights'],['String Lights'],"['string lights', 'bulb type']"
395998106,https://i5.walmartimages.com/asr/f60354ea-ab74-44e0-8490-2314f4ef79a5_1.c48b1510273b1c0972c818bd446f5cc8.jpeg?odnWidth=undefined&odnHeight=undefined&odnBg=ffffff,['barbecue skewers'],"['Barbecue Skewers', 'Bamboo Skewers']","['crafts bamboo', 'teriyaki beef', 'barbecue', 'barbecue skewers', 'barbecue bamboo', 'marinated', 'skewers', 'skewers can be used', 'kebab']"
295610961,https://i5.walmartimages.com/asr/2e32ace2-fe33-4e89-a353-097195e16368.c3ccad6ed029afae44d902b3dd1cf1e5.jpeg?odnWidth=undefined&odnHeight=undefined&odnBg=ffffff,['duster'],['duster'],"['bookshelves', 'duster', 'lambswool', 'handle']"
612326448,https://i5.walmartimages.com/asr/a08c7739-9f48-46cb-b729-59938465658b_1.b6e92ef8227143721e4ef9ab326657d2.jpeg?odnWidth=1000&odnHeight=1000&odnBg=ffffff,[],['movie'],"['DVDs (movie)', 'dvd', 'train']"
355247976,https://i5.walmartimages.com/asr/5f37b971-077a-4022-9558-f5ecada75899_2.9403ecdd82b7f9d7db071dee07c90571.jpeg?odnWidth=undefined&odnHeight=undefined&odnBg=ffffff,"['travel bag', 'travel bags']",['Travel Bag'],"['travel bags', 'stroller travel bag', 'feature adorable', 'disney baby by j.l. childress', 'adorable', 'travel bag', 'carry handles', 'disney baby by j.l.']"
10448019,https://i5.walmartimages.com/asr/dd35bec7-ad86-493a-a264-24b9f917169a.a2184b9a4ab78c21844ddecdaad88828.jpeg?odnWidth=undefined&odnHeight=undefined&odnBg=ffffff,['Mini Bagels'],"['Bagels', 'Mini Bagels']","['Mini Bagels', 'bit sweeter', 'bagels', 'pepperoni', ""thomas'"", 'sandwiches', 'create miniature', 'sandwich', 'presliced', 'bagel', 'snack', 'pizza bites']"
706040087,,['auto lock hanger holder'],"['Holder for Acoustic Electric Bas', 'Auto Lock Hanger Holder']","['guitar', 'bass', 'auto lock', 'acoustic', 'lock', 'auto lock hanger holder', 'guitar rectangle']"
611797688,https://i5.walmartimages.com/asr/d8c622f7-52f3-4ed4-baee-d7fe9cf05f74.fba42eb4e51c572a65dd86347e89f4de.jpeg?odnWidth=1000&odnHeight=1000&odnBg=ffffff,['foam balls'],"['foam balls', 'Dart Blaster Shooting Ball Toy', 'Airshot Game']","['foam', 'bullet gun', 'toy', 'target', 'dart', 'target practice toys', 'blaster', 'foam balls', 'toys', 'hitting games', 'games', 'bullet', 'balls', 'electric suspension ball dart target toy gun']"
412558181,https://i5.walmartimages.com/asr/b1584fd8-b3a4-464d-89ae-0fdaacac0849_1.139a21982d9a020e298ab3245c9a089e.jpeg?odnWidth=1000&odnHeight=1000&odnBg=ffffff,[],['Ball Bases'],"['socket', 'socket technology', 'socket arm', 'ball bases', 'arm', 'mount', 'arm has', 'ram']"
989990182,https://i5.walmartimages.com/asr/a5888cb4-c1f4-4249-bdb2-abb027efa5f1.b61c36a4a3a1651c8fb192d8afd432bf.jpeg?odnWidth=1000&odnHeight=1000&odnBg=ffffff,"['Book Box Sets', 'book box']","['Book Box Sets', 'Book']","['Book Box Sets', 'photographs', 'painting kit', 'painting designs', 'book box', 'rock collections', 'guidebook']"
942579927,https://i5.walmartimages.com/asr/172d308a-fa31-4ab3-b885-5dfe84e52e44_1.5a83c56d902de111ba2e60573aeeaf06.jpeg?odnWidth=undefined&odnHeight=undefined&odnBg=ffffff,"['pillow case', 'pillowcase', 'pillow cover']","['Pillow Case', 'pillow cover', 'Pillow Case Cover']","['pillow', 'maternity pillow', 'body pillow', 'case cover', 'patterns', 'decorative pillow sham', 'pillowcase', 'decorative pillow', 'pillow case', 'pillow cover', 'cover']"
105783965,https://i5.walmartimages.com/asr/9b3979d9-11d9-42b7-b318-74c5d149844a_1.8af4c3c4836ae7d8179249e70d3fc9a9.jpeg?odnWidth=1000&odnHeight=1000&odnBg=ffffff,['tire repair'],"['BUFFING WHEEL', 'Tire Repair']","['tire repair', 'tire', 'buffing wheel', 'tire before', 'buffing', 'buff surface', 'carbide wheel', 'wheel']"
894315294,https://i5.walmartimages.com/asr/51dc862d-d1a8-4693-89b1-38c927336c70_1.5168a404331310535b600107e5553892.jpeg?odnWidth=undefined&odnHeight=undefined&odnBg=ffffff,['tablecloth'],['Tablecloth'],"['buffets', 'tablecloth', 'colorfast', 'dining', 'tablecloth features']"
933586118,https://i5.walmartimages.com/asr/c7d18444-f682-4b00-8ab3-5b0c61f28817_1.7bd61daf5948a1a79ffe9495e1c5fe46.jpeg?odnWidth=undefined&odnHeight=undefined&odnBg=ffffff,['Mixing Bowl Sets'],"['Mixing Bowl Sets', 'Face Care Mask Beauty Tools', 'cosmetic make up tool']","['cosmetic make', 'mixing bowl', 'cosmetic make up tool', 'diy mask', 'Mixing Bowl Sets', 'face mask bowl set', 'diy mask tools', 'face', 'beauty tools', 'brush', 'face mask bowl set diy', 'measuring spoons notes', 'mask', 'monitors', 'measuring spoon']"
514974907,https://i5.walmartimages.com/asr/68b272d9-e484-41d8-860a-0c1641db5661_1.8f84fde0b3e0fd936a9d8e32fd6749e8.jpeg?odnWidth=undefined&odnHeight=undefined&odnBg=ffffff,[],['Adapter'],"['printer', 'adapter', 'dc adapter', 'printer dock', 'ac / dc adapter', 'photo', 'cable charger']"
490665387,https://i5.walmartimages.com/asr/96622405-406e-463d-a942-7eecb37e2cda_1.fbbba29b405e624ba466a966b57438c7.jpeg?odnWidth=1000&odnHeight=1000&odnBg=ffffff,['shotgun shells'],['shotgun shells'],"['pigeons', 'transfer tape', 'shotgun shells', 'sticker sticks', 'sticker', 'shotgun']"
283971267,https://i5.walmartimages.com/asr/72565bfb-1202-45f7-8087-af7ffc5cef03.005866e980c2e1e358a653a17f987a5b.jpeg?odnWidth=undefined&odnHeight=undefined&odnBg=ffffff,"['Wheelchair Batteries', 'wheelchair batteries']","['Wheelchair Batteries', 'Replacement battery']","['wheelchair batteries', 'wheelchair rightpricebattery', 'battery terminal', 'Wheelchair Batteries', 'battery dimensions', 'match the batteries', 'batteries sps', 'wheelchair supplied', 'battery', 'batteries']"
235079481,https://i5.walmartimages.com/asr/01c3b9f3-b1e5-4b89-9283-e9003dc8242a_1.013d8a7543b939aafbf8cc645459a5d0.jpeg?odnWidth=undefined&odnHeight=undefined&odnBg=ffffff,[],"['corn stripper', 'Corn Peeler', 'Corn Zipper']","['cob corn', 'kernels', 'cob corn peeler', 'stripping', 'corn peeler', 'remove corn', 'stripping tool', 'corn easily', 'corn zipper', 'fresh corn', 'gliving corn', 'cob peeler', 'to peel']"
777308202,https://i5.walmartimages.com/asr/8acd53b1-b918-4b1f-95d3-b67c9951756f.dac1fa8812b5a4e0272f7c57f9ff8df0.jpeg?odnWidth=undefined&odnHeight=undefined&odnBg=ffffff,['tea bags'],"['tea bags', 'tea']","['tea bags', 'loose leaf', 'tea is', 'leaf loose', 'breakfast tea', 'slenderizer dry', 'tea organic', 'spices', 'tea sample', 'tea - slenderizer', 'flowers spices', 'tea matcha', 'tea no', 'tea fruit', 'loose tea', 'tea - slenderizer dry flight', 'tea']"
924431074,https://i5.walmartimages.com/asr/076cf5b5-c9cd-4d1a-ad66-e868f6acf0bb_1.61cc58364b9bffaabedf8fafe5869754.jpeg?odnWidth=undefined&odnHeight=undefined&odnBg=ffffff,['doll stroller'],['Doll Stroller'],"['pretend', 'doll stroller', 'stroller frame', 'dolls', 'grow', 'doll', 'me']"